<?xml version="1.0" encoding="UTF-8"?>
<metadata xml:lang="en"><Esri><CreaDate>20231014</CreaDate><CreaTime>13454100</CreaTime><ArcGISFormat>1.0</ArcGISFormat><SyncOnce>FALSE</SyncOnce><DataProperties><itemProps><itemName Sync="TRUE">01_Wards_from_2022</itemName><imsContentType Sync="TRUE">002</imsContentType><itemSize Sync="TRUE">0.000</itemSize><itemLocation><linkage Sync="TRUE">file://\\MAHIR_TAZWAR\E$\ITC Twente\Quarter 05 September 2023\00 GeoData Visualization\4_BikeShareData\01_Washington_shp\Wards_from_2022\01_Wards_from_2022.shp</linkage><protocol Sync="TRUE">Local Area Network</protocol></itemLocation></itemProps><coordRef><type Sync="TRUE">Geographic</type><geogcsn Sync="TRUE">GCS_WGS_1984</geogcsn><csUnits Sync="TRUE">Angular Unit: Degree (0.017453)</csUnits><peXml Sync="TRUE">&lt;GeographicCoordinateSystem xsi:type='typens:GeographicCoordinateSystem' xmlns:xsi='http://www.w3.org/2001/XMLSchema-instance' xmlns:xs='http://www.w3.org/2001/XMLSchema' xmlns:typens='http://www.esri.com/schemas/ArcGIS/3.1.0'&gt;&lt;WKT&gt;GEOGCS[&amp;quot;GCS_WGS_1984&amp;quot;,DATUM[&amp;quot;D_WGS_1984&amp;quot;,SPHEROID[&amp;quot;WGS_1984&amp;quot;,6378137.0,298.257223563]],PRIMEM[&amp;quot;Greenwich&amp;quot;,0.0],UNIT[&amp;quot;Degree&amp;quot;,0.0174532925199433],AUTHORITY[&amp;quot;EPSG&amp;quot;,4326]]&lt;/WKT&gt;&lt;XOrigin&gt;-400&lt;/XOrigin&gt;&lt;YOrigin&gt;-400&lt;/YOrigin&gt;&lt;XYScale&gt;11258999068426.238&lt;/XYScale&gt;&lt;ZOrigin&gt;-100000&lt;/ZOrigin&gt;&lt;ZScale&gt;10000&lt;/ZScale&gt;&lt;MOrigin&gt;-100000&lt;/MOrigin&gt;&lt;MScale&gt;10000&lt;/MScale&gt;&lt;XYTolerance&gt;8.983152841195215e-09&lt;/XYTolerance&gt;&lt;ZTolerance&gt;0.001&lt;/ZTolerance&gt;&lt;MTolerance&gt;0.001&lt;/MTolerance&gt;&lt;HighPrecision&gt;true&lt;/HighPrecision&gt;&lt;LeftLongitude&gt;-180&lt;/LeftLongitude&gt;&lt;WKID&gt;4326&lt;/WKID&gt;&lt;LatestWKID&gt;4326&lt;/LatestWKID&gt;&lt;/GeographicCoordinateSystem&gt;</peXml></coordRef><lineage><Process ToolSource="c:\program files\arcgis\pro\Resources\ArcToolbox\toolboxes\Conversion Tools.tbx\ExportFeatures" Date="20231014" Time="134541">ExportFeatures Wards_from_2022 "E:\ITC Twente\Quarter 05 September 2023\00 GeoData Visualization\4_BikeShareData\01_Washington_shp\Wards_from_2022\01_Wards_from_2022.shp" # NOT_USE_ALIAS "WARD "WARD" true true false 1 Short 0 1,First,#,Wards_from_2022,Wards_from_2022.WARD,-1,-1;NAME "NAME" true true false 6 Text 0 0,First,#,Wards_from_2022,Wards_from_2022.NAME,0,6;REP_NAME "REP_NAME" true true false 20 Text 0 0,First,#,Wards_from_2022,Wards_from_2022.REP_NAME,0,20;Field1 "Field1" true true false 4 Long 0 0,First,#,Wards_from_2022,BB_Carto_Ward_Hourwise_Stats.csv.Field1,-1,-1;Ward "Ward" true true false 8000 Text 0 0,First,#,Wards_from_2022,BB_Carto_Ward_Hourwise_Stats.csv.Ward,0,8000;0_User_Count "0_User_Count" true true false 4 Long 0 0,First,#,Wards_from_2022,BB_Carto_Ward_Hourwise_Stats.csv.0_User_Count,-1,-1;1_User_Count "1_User_Count" true true false 4 Long 0 0,First,#,Wards_from_2022,BB_Carto_Ward_Hourwise_Stats.csv.1_User_Count,-1,-1;2_User_Count "2_User_Count" true true false 4 Long 0 0,First,#,Wards_from_2022,BB_Carto_Ward_Hourwise_Stats.csv.2_User_Count,-1,-1;3_User_Count "3_User_Count" true true false 4 Long 0 0,First,#,Wards_from_2022,BB_Carto_Ward_Hourwise_Stats.csv.3_User_Count,-1,-1;4_User_Count "4_User_Count" true true false 4 Long 0 0,First,#,Wards_from_2022,BB_Carto_Ward_Hourwise_Stats.csv.4_User_Count,-1,-1;5_User_Count "5_User_Count" true true false 4 Long 0 0,First,#,Wards_from_2022,BB_Carto_Ward_Hourwise_Stats.csv.5_User_Count,-1,-1;6_User_Count "6_User_Count" true true false 4 Long 0 0,First,#,Wards_from_2022,BB_Carto_Ward_Hourwise_Stats.csv.6_User_Count,-1,-1;7_User_Count "7_User_Count" true true false 4 Long 0 0,First,#,Wards_from_2022,BB_Carto_Ward_Hourwise_Stats.csv.7_User_Count,-1,-1;8_User_Count "8_User_Count" true true false 4 Long 0 0,First,#,Wards_from_2022,BB_Carto_Ward_Hourwise_Stats.csv.8_User_Count,-1,-1;9_User_Count "9_User_Count" true true false 4 Long 0 0,First,#,Wards_from_2022,BB_Carto_Ward_Hourwise_Stats.csv.9_User_Count,-1,-1;10_User_Count "10_User_Count" true true false 4 Long 0 0,First,#,Wards_from_2022,BB_Carto_Ward_Hourwise_Stats.csv.10_User_Count,-1,-1;11_User_Count "11_User_Count" true true false 4 Long 0 0,First,#,Wards_from_2022,BB_Carto_Ward_Hourwise_Stats.csv.11_User_Count,-1,-1;12_User_Count "12_User_Count" true true false 4 Long 0 0,First,#,Wards_from_2022,BB_Carto_Ward_Hourwise_Stats.csv.12_User_Count,-1,-1;13_User_Count "13_User_Count" true true false 4 Long 0 0,First,#,Wards_from_2022,BB_Carto_Ward_Hourwise_Stats.csv.13_User_Count,-1,-1;14_User_Count "14_User_Count" true true false 4 Long 0 0,First,#,Wards_from_2022,BB_Carto_Ward_Hourwise_Stats.csv.14_User_Count,-1,-1;15_User_Count "15_User_Count" true true false 4 Long 0 0,First,#,Wards_from_2022,BB_Carto_Ward_Hourwise_Stats.csv.15_User_Count,-1,-1;16_User_Count "16_User_Count" true true false 4 Long 0 0,First,#,Wards_from_2022,BB_Carto_Ward_Hourwise_Stats.csv.16_User_Count,-1,-1;17_User_Count "17_User_Count" true true false 4 Long 0 0,First,#,Wards_from_2022,BB_Carto_Ward_Hourwise_Stats.csv.17_User_Count,-1,-1;18_User_Count "18_User_Count" true true false 4 Long 0 0,First,#,Wards_from_2022,BB_Carto_Ward_Hourwise_Stats.csv.18_User_Count,-1,-1;19_User_Count "19_User_Count" true true false 4 Long 0 0,First,#,Wards_from_2022,BB_Carto_Ward_Hourwise_Stats.csv.19_User_Count,-1,-1;20_User_Count "20_User_Count" true true false 4 Long 0 0,First,#,Wards_from_2022,BB_Carto_Ward_Hourwise_Stats.csv.20_User_Count,-1,-1;21_User_Count "21_User_Count" true true false 4 Long 0 0,First,#,Wards_from_2022,BB_Carto_Ward_Hourwise_Stats.csv.21_User_Count,-1,-1;22_User_Count "22_User_Count" true true false 4 Long 0 0,First,#,Wards_from_2022,BB_Carto_Ward_Hourwise_Stats.csv.22_User_Count,-1,-1;23_User_Count "23_User_Count" true true false 4 Long 0 0,First,#,Wards_from_2022,BB_Carto_Ward_Hourwise_Stats.csv.23_User_Count,-1,-1" #</Process></lineage></DataProperties><SyncDate>20231014</SyncDate><SyncTime>13454100</SyncTime><ModDate>20231014</ModDate><ModTime>13454100</ModTime></Esri><dataIdInfo><envirDesc Sync="TRUE">Microsoft Windows 10 Version 10.0 (Build 22621) ; Esri ArcGIS 13.1.0.41833</envirDesc><dataLang><languageCode value="eng" Sync="TRUE"></languageCode><countryCode value="USA" Sync="TRUE"></countryCode></dataLang><idCitation><resTitle Sync="TRUE">01_Wards_from_2022</resTitle><presForm><PresFormCd value="005" Sync="TRUE"></PresFormCd></presForm></idCitation><spatRpType><SpatRepTypCd value="001" Sync="TRUE"></SpatRepTypCd></spatRpType></dataIdInfo><mdLang><languageCode value="eng" Sync="TRUE"></languageCode><countryCode value="USA" Sync="TRUE"></countryCode></mdLang><mdChar><CharSetCd value="004" Sync="TRUE"></CharSetCd></mdChar><distInfo><distFormat><formatName Sync="TRUE">Shapefile</formatName></distFormat><distTranOps><transSize Sync="TRUE">0.000</transSize></distTranOps></distInfo><mdHrLv><ScopeCd value="005" Sync="TRUE"></ScopeCd></mdHrLv><mdHrLvName Sync="TRUE">dataset</mdHrLvName><refSysInfo><RefSystem><refSysID><identCode code="4326" Sync="TRUE"></identCode><idCodeSpace Sync="TRUE">EPSG</idCodeSpace><idVersion Sync="TRUE">6.2(3.0.1)</idVersion></refSysID></RefSystem></refSysInfo><spatRepInfo><VectSpatRep><geometObjs Name="01_Wards_from_2022"><geoObjTyp><GeoObjTypCd value="002" Sync="TRUE"></GeoObjTypCd></geoObjTyp><geoObjCnt Sync="TRUE">0</geoObjCnt></geometObjs><topLvl><TopoLevCd value="001" Sync="TRUE"></TopoLevCd></topLvl></VectSpatRep></spatRepInfo><spdoinfo><ptvctinf><esriterm Name="01_Wards_from_2022"><efeatyp Sync="TRUE">Simple</efeatyp><efeageom code="4" Sync="TRUE"></efeageom><esritopo Sync="TRUE">FALSE</esritopo><efeacnt Sync="TRUE">0</efeacnt><spindex Sync="TRUE">FALSE</spindex><linrefer Sync="TRUE">FALSE</linrefer></esriterm></ptvctinf></spdoinfo><eainfo><detailed Name="01_Wards_from_2022"><enttyp><enttypl Sync="TRUE">01_Wards_from_2022</enttypl><enttypt Sync="TRUE">Feature Class</enttypt><enttypc Sync="TRUE">0</enttypc></enttyp><attr><attrlabl Sync="TRUE">FID</attrlabl><attalias Sync="TRUE">FID</attalias><attrtype Sync="TRUE">OID</attrtype><attwidth Sync="TRUE">4</attwidth><atprecis Sync="TRUE">0</atprecis><attscale Sync="TRUE">0</attscale><attrdef Sync="TRUE">Internal feature number.</attrdef><attrdefs Sync="TRUE">Esri</attrdefs><attrdomv><udom Sync="TRUE">Sequential unique whole numbers that are automatically generated.</udom></attrdomv></attr><attr><attrlabl Sync="TRUE">Shape</attrlabl><attalias Sync="TRUE">Shape</attalias><attrtype Sync="TRUE">Geometry</attrtype><attwidth Sync="TRUE">0</attwidth><atprecis Sync="TRUE">0</atprecis><attscale Sync="TRUE">0</attscale><attrdef Sync="TRUE">Feature geometry.</attrdef><attrdefs Sync="TRUE">Esri</attrdefs><attrdomv><udom Sync="TRUE">Coordinates defining the features.</udom></attrdomv></attr><attr><attrlabl Sync="TRUE">WARD</attrlabl><attalias Sync="TRUE">WARD</attalias><attrtype Sync="TRUE">SmallInteger</attrtype><attwidth Sync="TRUE">1</attwidth><atprecis Sync="TRUE">1</atprecis><attscale Sync="TRUE">0</attscale></attr><attr><attrlabl Sync="TRUE">NAME</attrlabl><attalias Sync="TRUE">NAME</attalias><attrtype Sync="TRUE">String</attrtype><attwidth Sync="TRUE">6</attwidth><atprecis Sync="TRUE">0</atprecis><attscale Sync="TRUE">0</attscale></attr><attr><attrlabl Sync="TRUE">REP_NAME</attrlabl><attalias Sync="TRUE">REP_NAME</attalias><attrtype Sync="TRUE">String</attrtype><attwidth Sync="TRUE">20</attwidth><atprecis Sync="TRUE">0</atprecis><attscale Sync="TRUE">0</attscale></attr><attr><attrlabl Sync="TRUE">Field1</attrlabl><attalias Sync="TRUE">Field1</attalias><attrtype Sync="TRUE">Integer</attrtype><attwidth Sync="TRUE">10</attwidth><atprecis Sync="TRUE">10</atprecis><attscale Sync="TRUE">0</attscale></attr><attr><attrlabl Sync="TRUE">Ward_1</attrlabl><attalias Sync="TRUE">Ward_1</attalias><attrtype Sync="TRUE">String</attrtype><attwidth Sync="TRUE">254</attwidth><atprecis Sync="TRUE">0</atprecis><attscale Sync="TRUE">0</attscale></attr><attr><attrlabl Sync="TRUE">0_User_Cou</attrlabl><attalias Sync="TRUE">0_User_Cou</attalias><attrtype Sync="TRUE">Integer</attrtype><attwidth Sync="TRUE">10</attwidth><atprecis Sync="TRUE">10</atprecis><attscale Sync="TRUE">0</attscale></attr><attr><attrlabl Sync="TRUE">1_User_Cou</attrlabl><attalias Sync="TRUE">1_User_Cou</attalias><attrtype Sync="TRUE">Integer</attrtype><attwidth Sync="TRUE">10</attwidth><atprecis Sync="TRUE">10</atprecis><attscale Sync="TRUE">0</attscale></attr><attr><attrlabl Sync="TRUE">2_User_Cou</attrlabl><attalias Sync="TRUE">2_User_Cou</attalias><attrtype Sync="TRUE">Integer</attrtype><attwidth Sync="TRUE">10</attwidth><atprecis Sync="TRUE">10</atprecis><attscale Sync="TRUE">0</attscale></attr><attr><attrlabl Sync="TRUE">3_User_Cou</attrlabl><attalias Sync="TRUE">3_User_Cou</attalias><attrtype Sync="TRUE">Integer</attrtype><attwidth Sync="TRUE">10</attwidth><atprecis Sync="TRUE">10</atprecis><attscale Sync="TRUE">0</attscale></attr><attr><attrlabl Sync="TRUE">4_User_Cou</attrlabl><attalias Sync="TRUE">4_User_Cou</attalias><attrtype Sync="TRUE">Integer</attrtype><attwidth Sync="TRUE">10</attwidth><atprecis Sync="TRUE">10</atprecis><attscale Sync="TRUE">0</attscale></attr><attr><attrlabl Sync="TRUE">5_User_Cou</attrlabl><attalias Sync="TRUE">5_User_Cou</attalias><attrtype Sync="TRUE">Integer</attrtype><attwidth Sync="TRUE">10</attwidth><atprecis Sync="TRUE">10</atprecis><attscale Sync="TRUE">0</attscale></attr><attr><attrlabl Sync="TRUE">6_User_Cou</attrlabl><attalias Sync="TRUE">6_User_Cou</attalias><attrtype Sync="TRUE">Integer</attrtype><attwidth Sync="TRUE">10</attwidth><atprecis Sync="TRUE">10</atprecis><attscale Sync="TRUE">0</attscale></attr><attr><attrlabl Sync="TRUE">7_User_Cou</attrlabl><attalias Sync="TRUE">7_User_Cou</attalias><attrtype Sync="TRUE">Integer</attrtype><attwidth Sync="TRUE">10</attwidth><atprecis Sync="TRUE">10</atprecis><attscale Sync="TRUE">0</attscale></attr><attr><attrlabl Sync="TRUE">8_User_Cou</attrlabl><attalias Sync="TRUE">8_User_Cou</attalias><attrtype Sync="TRUE">Integer</attrtype><attwidth Sync="TRUE">10</attwidth><atprecis Sync="TRUE">10</atprecis><attscale Sync="TRUE">0</attscale></attr><attr><attrlabl Sync="TRUE">9_User_Cou</attrlabl><attalias Sync="TRUE">9_User_Cou</attalias><attrtype Sync="TRUE">Integer</attrtype><attwidth Sync="TRUE">10</attwidth><atprecis Sync="TRUE">10</atprecis><attscale Sync="TRUE">0</attscale></attr><attr><attrlabl Sync="TRUE">10_User_Co</attrlabl><attalias Sync="TRUE">10_User_Co</attalias><attrtype Sync="TRUE">Integer</attrtype><attwidth Sync="TRUE">10</attwidth><atprecis Sync="TRUE">10</atprecis><attscale Sync="TRUE">0</attscale></attr><attr><attrlabl Sync="TRUE">11_User_Co</attrlabl><attalias Sync="TRUE">11_User_Co</attalias><attrtype Sync="TRUE">Integer</attrtype><attwidth Sync="TRUE">10</attwidth><atprecis Sync="TRUE">10</atprecis><attscale Sync="TRUE">0</attscale></attr><attr><attrlabl Sync="TRUE">12_User_Co</attrlabl><attalias Sync="TRUE">12_User_Co</attalias><attrtype Sync="TRUE">Integer</attrtype><attwidth Sync="TRUE">10</attwidth><atprecis Sync="TRUE">10</atprecis><attscale Sync="TRUE">0</attscale></attr><attr><attrlabl Sync="TRUE">13_User_Co</attrlabl><attalias Sync="TRUE">13_User_Co</attalias><attrtype Sync="TRUE">Integer</attrtype><attwidth Sync="TRUE">10</attwidth><atprecis Sync="TRUE">10</atprecis><attscale Sync="TRUE">0</attscale></attr><attr><attrlabl Sync="TRUE">14_User_Co</attrlabl><attalias Sync="TRUE">14_User_Co</attalias><attrtype Sync="TRUE">Integer</attrtype><attwidth Sync="TRUE">10</attwidth><atprecis Sync="TRUE">10</atprecis><attscale Sync="TRUE">0</attscale></attr><attr><attrlabl Sync="TRUE">15_User_Co</attrlabl><attalias Sync="TRUE">15_User_Co</attalias><attrtype Sync="TRUE">Integer</attrtype><attwidth Sync="TRUE">10</attwidth><atprecis Sync="TRUE">10</atprecis><attscale Sync="TRUE">0</attscale></attr><attr><attrlabl Sync="TRUE">16_User_Co</attrlabl><attalias Sync="TRUE">16_User_Co</attalias><attrtype Sync="TRUE">Integer</attrtype><attwidth Sync="TRUE">10</attwidth><atprecis Sync="TRUE">10</atprecis><attscale Sync="TRUE">0</attscale></attr><attr><attrlabl Sync="TRUE">17_User_Co</attrlabl><attalias Sync="TRUE">17_User_Co</attalias><attrtype Sync="TRUE">Integer</attrtype><attwidth Sync="TRUE">10</attwidth><atprecis Sync="TRUE">10</atprecis><attscale Sync="TRUE">0</attscale></attr><attr><attrlabl Sync="TRUE">18_User_Co</attrlabl><attalias Sync="TRUE">18_User_Co</attalias><attrtype Sync="TRUE">Integer</attrtype><attwidth Sync="TRUE">10</attwidth><atprecis Sync="TRUE">10</atprecis><attscale Sync="TRUE">0</attscale></attr><attr><attrlabl Sync="TRUE">19_User_Co</attrlabl><attalias Sync="TRUE">19_User_Co</attalias><attrtype Sync="TRUE">Integer</attrtype><attwidth Sync="TRUE">10</attwidth><atprecis Sync="TRUE">10</atprecis><attscale Sync="TRUE">0</attscale></attr><attr><attrlabl Sync="TRUE">20_User_Co</attrlabl><attalias Sync="TRUE">20_User_Co</attalias><attrtype Sync="TRUE">Integer</attrtype><attwidth Sync="TRUE">10</attwidth><atprecis Sync="TRUE">10</atprecis><attscale Sync="TRUE">0</attscale></attr><attr><attrlabl Sync="TRUE">21_User_Co</attrlabl><attalias Sync="TRUE">21_User_Co</attalias><attrtype Sync="TRUE">Integer</attrtype><attwidth Sync="TRUE">10</attwidth><atprecis Sync="TRUE">10</atprecis><attscale Sync="TRUE">0</attscale></attr><attr><attrlabl Sync="TRUE">22_User_Co</attrlabl><attalias Sync="TRUE">22_User_Co</attalias><attrtype Sync="TRUE">Integer</attrtype><attwidth Sync="TRUE">10</attwidth><atprecis Sync="TRUE">10</atprecis><attscale Sync="TRUE">0</attscale></attr><attr><attrlabl Sync="TRUE">23_User_Co</attrlabl><attalias Sync="TRUE">23_User_Co</attalias><attrtype Sync="TRUE">Integer</attrtype><attwidth Sync="TRUE">10</attwidth><atprecis Sync="TRUE">10</atprecis><attscale Sync="TRUE">0</attscale></attr></detailed></eainfo><mdDateSt Sync="TRUE">20231014</mdDateSt></metadata>
